This is a list of zoological gardens (zoos) around the world. For aquaria, see List of aquaria. For dolphinariums, see List of dolphinariums. For an annotated list of defunct zoos and aquariums, see List of former zoos and aquariums.
Zoos are primarily dry facilities where animals are kept within enclosures and displayed to the public, and in which they may also be bred. Such facilities include zoos, safari parks, animal theme parks, aviaries, butterfly zoos and reptile centers, as well as wildlife sanctuaries and nature reserves where visitors are allowed.


== Africa ==


=== Algeria ===
Algiers Zoo
Jijel Zoo
Oran Zoo


=== Burkina Faso ===
Ouagadougou Zoo


=== Cameroon ===
Mvog-Betsi Zoo - Yaoundé


=== Congo, Democratic Republic of the ===
Jardin Zoologique et Botanique d'Eala
Parc Zoologique de Lubumbashi
Zoo National de Kinshasa


=== Congo, Republic of the ===
Brazzaville Zoo


=== Ivory Coast ===
Abidjan Zoo


=== Egypt ===
Alexandria Zoo
Africano Park
Alfayoum Zoo
Beni Sweif Zoo
Giza Zoo
Mansoura Zoo
New Cairo Zoo
Qariyet El Assad (Lions' Village)
Tanta Zoo


=== Ethiopia ===
Addis Ababa Lion Zoo


=== Ghana ===
Kumasi Zoo


=== Kenya ===
Giraffe Centre - Lang'ata, Nairobi
Haller Park - Bamburi, Mombasa
Mwaluganje Elephant Sanctuary - Kwale District, Coast Province


=== Libya ===
Benghazi Zoo ("Il bosco" ) - Benghazi
Tripoli Zoo - Tripoli


=== Madagascar ===
Croc Farm - Antananarivo
Lemurs' Park - near Antananarivo
Peyrieras Reptile Reserve - Marozevo
Parc Endemika - Sainte-Marie
Parc Ivoloina - Toamasina
Tsimbazaza Zoo - Antananarivo


=== Malawi ===
Blantyre Zoological Gardens


=== Mali ===
Bamako Zoo


=== Mauritius ===
Casela Nature Park
La Vanille Nature Park


=== Morocco ===
Dream Village
Exotiques de Bouknadel
Parc Sindibad, Casablanca
Rabat Zoo


=== Mozambique ===
Maputo Zoo


=== Nigeria ===
Abuja Children's Zoo - Abuja
Audu Bako Zoo - Kano
Enugu Zoo - Enugu
FUNAAB Zoo -Abeokuta
Ibadan University Zoo - Ibadan
Jos Wildlife Park
Lekki Conservation Centre - Lekki, Lagos State
Ogba Zoo - Benin City
Port Harcourt Zoo - Port Harcourt
Sanda Kyarimi Zoo - Maiduguri


=== Senegal ===
Hann Forest and Zoological Park - Dakar


=== South Africa ===
Bester Birds and Animals Zoo Park
Birds of Eden
Bloemfontein Zoo
Bushbabies Monkey Sanctuary - Magaliesberg
Drakenstein Lion Park - Drakenstein, Western Cape
East London Zoological Gardens
Emerald Zoo Vanderbijlpark
EndoFaun Zoological Gardens - Bapsfontein
Groote Schuur Zoo, former zoo in Cape Town
Hartebeesport Dam Snake and Animal Park
Johannesburg Zoo
Lion & Safari Park - Cradle of Humankind, North West province
Lory Park Zoo
Mitchell Park Zoo - Durban
Mystic Monkeys and Feathers Wildlife Park
National Zoo - Pretoria
The Elephant Sanctuary Hartbeespoort Dam - Hartbeespoort Dam
The Elephant Sanctuary Hazyview - Hazyview
The Elephant Sanctuary Plettenberg Bay - Plettenberg Bay
Tygerberg Zoo, near Cape Town, closed in 2012
Umgeni River Bird Park - Durban
World of Birds Wildlife Sanctuary and Monkey Park - Cape Town


=== Sudan ===
Khartoum Zoo


=== Tanzania ===
Dar es Salaam Zoo - Dar es Salaam
Saa Nane Museum and Zoo - Mwanza


=== Tunisia ===
Friguia Park, Bouficha
Zoo du Parc de Belvedere, Tunis


=== Uganda ===
Uganda Wildlife Education Centre - Entebbe


=== Zambia ===
Munda Wanga Zoo - Lusaka


== Asia ==


=== Afghanistan ===
Kabul Zoo - Kabul


=== Armenia ===
Yerevan Zoo - Yerevan


=== Azerbaijan ===
Baku Zoo - Baku


=== Bangladesh ===
List of zoos in Bangladesh
Bangabandhu Sheikh Mujib Safari Park, Gazipur
Bangladesh National Zoo - Dhaka
Chittagong Zoo
Comilla Zoo
Dhaka Zoo
Dulhazra Safari Park
Gazipur Borendra Park
Khulna Zoo
Nijhum Dhip Park
Rajshahi Zoo
Rangpur Zoo
Shaheed A.H.M Qamaruzzaman Central Park and Zoo - Rajshahi


=== Bhutan ===
Motithang Takin Preserve - Motithang


=== Cambodia ===
Banteay Srey Butterfly Centre
Bayap Zoo
Kampot Zoo
Koh Kong Safari World
Phnom Tamao Wildlife Rescue Centre


=== China ===
Badaling Safari World
Beijing Zoo
Bifengxia Wild Animal Park
Changsha Ecological Zoo
Chengdu Zoo
Chongqing Zoo
Dalian Forest Zoo
Guangzhou Panyu Chime-long Night Zoo
Guangzhou Xiangjian Safari Park
Guangzhou Zoo
Hangzhou Zoo
Harbin Northern Forest Zoo
Harbin Siberian Tiger Park
Harbin Zoo
Hongshan Forest Zoo
Jinan Safari Park
Jinan Zoo
Kashgar Zoo, People's Park
Kunming Zoo
Nanjing Hongshan Forest Zoo
Nanning Zoo
Qingdao Forest Wildlife World
Qingdao Zoo
Qinhuangdao Wildlife Park
Shanghai Wild Animal Park
Shanghai Zoo
Shenzhen Safari Park
Shijiazhuang Zoo
Suzhou Zoo
Tianjin Zoo
Urumqi Zoo
Yancheng Wild Animal World
Zhengzhou Zoo
Zhoukou Safari ParkBreeding centers:

Bifengxia Giant Panda Base
Chengdu Research Base of Giant Panda Breeding
Wolong Giant Panda Breeding Center - Sichuan


=== Georgia ===
Tbilisi Zoo


=== Hong Kong ===
Edward Youde Aviary - Hong Kong Park
Hong Kong Wetland Park
Hong Kong Zoological and Botanical Gardens
Kadoorie Farm and Botanic Garden
Lai Chi Kok Zoo (closed)
Ocean Park Hong Kong


=== India ===
List of zoos in India


=== Indonesia ===
Bali Bird Park
Bali Safari and Marine Park
Bali Zoo - Gianyar, Bali
Bandung Zoo - Bandung, West Java
Batu Secret Zoo - Batu, East Java
Fauna Land - Ancol, Jakarta
Gembira Loka Zoo - Yogyakarta
Lembang park & Zoo - Lembang, Bandung
Maharani Zoo & Goa - Lamongan, East Java
Medan Zoo - Medan, North Sumatera
Ragunan Zoo - Jakarta
Surabaya Zoo
Surabaya Zoo - Surabaya, East Java
Taman Mini Indonesia Indah - Jakarta
Taman Safari - Bogor, West Java
Taman Safari II - Pasuruan, East Java
Taman Safari III - Gianyar, Bali


=== Iran ===
Amol Zoo
Baghlarbaghy zoo - Tabriz
Bandar Abbas Zoo
Bird Garden of Isfahan
Darabad Museum of Wildlife - Tehran
Eram Zoo
Isfahan Zoo
Tehran Zoological Garden - Tehran
Vakilabad Zoo - Mashhad


=== Iraq ===
Baghdad Zoo
Erbil Zoo


=== Israel ===
Arena Tropical World - Herzliya
Beer Sheba Municipal Zoological Garden - Beersheba
Biblical Museum of Natural History
Carmel Hai-Bar Nature Reserve - Haifa
Children's Zoo - Sa'ad
Coral World Underwater Observatory
Educational Zoo of the Haifa Biological Institute - Haifa
Hai Kef - Rishon LeZion
Hai Park - Kiryat Motzkin
Hamat-Gader Crocodile Farm, Terrarium and Mini Zoo - Hamat Gader
I. Meier Segals Garden for Zoological Research - Tel Aviv
Jerusalem Bird Observatory - Jerusalem
Monkey Park (Kfar Daniel) - Kfar Daniel
Nahariya Zoo-Botanical Garden - Nahariya
NegevZoo
Nir-David Australian Animal Park - Nir David
Petah Tikva Zoo - Petah Tikva
Ramat Gan Safari
Tel Aviv Zoo
Tel-Aviv Bird Park - Tel Aviv
Tisch Family Biblical Zoological Gardens - Jerusalem
Yotvata Hai-Bar Nature Reserve - Yotvata
Zoological Center of Tel Aviv-Ramat Gan - Tel Aviv and Ramat Gan


=== Japan ===
List of zoos in Japan


=== Kazakhstan ===
Almaty Zoo - Almaty
Karaganda Zoo - Karaganda
Shymkent Zoo - Shymkent
Temirtau Aquapark of Children's Park - Temirtau


=== North Korea ===
Korea Central Zoo - Pyongyang


=== South Korea ===
Dalseong Park - Daegu
Everland Zoo-topia - Yongin
Seoul Children's Zoo - Seoul
Seoul Grand Park Zoo - Gwacheon


=== Kuwait ===
Kuwait Zoo - Kuwait City


=== Macau ===
Jardim da Flora (Two Dragon Throat Public Garden)
Macao Giant Panda Pavilion - Parque de Seac Pai Van


=== Malaysia ===
Afamosa Animal World Safari - Alor Gajah, Malacca
Ayer Keroh Crocodile Farm - Ayer Keroh, Malacca
Bukit Gambang Safari Park - Gambang, Kuantan, Pahang
Bukit Jambul Orchid, Hibiscus and Reptile Farm, Penang
Butterfly & Reptiles Sanctuary - Malacca
Danga Bay Mini Zoo - Danga Bay, Johor
Entopia by Penang Butterfly Farm - Teluk Bahang, Penang
Johor Zoo - Johor Bahru, Johor
Jong's Crocodile Farm and Zoo - Kuching, Sarawak
Kuala Krai mini zoo - Kuala Krai, Kelantan
Kuala Lumpur Bird Park - Kuala Lumpur
Kuala Lumpur Butterfly Park - Kuala Lumpur
Kuala Lumpur Deer Park - Kuala Lumpur
Langkawi Crocodile Farm - Langkawi, Kedah
Langkawi Wildlife Park - Langkawi, Kedah
Lok Kawi Wildlife Park - Lok Kawi, Sabah
Lost World Petting Zoo - Ipoh, Perak
Malacca Zoo - Ayer Keroh, Malacca
Miri Crocodile Farm cum Mini Zoo
National Zoo of Malaysia (Zoo Negara) - Ulu Klang, Kuala Lumpur
Sandakan Crocodile Farm - Sandakan, Sabah
Snake and Reptile Farm - Perlis
Sunway Lagoon Wildlife Park - Subang Jaya, Selangor
Sunway Petting Zoo - Subang Jaya, Selangor
Taiping Zoo - Taiping, Perak
Taman Teruntum Mini Zoo - Taman Teruntum, Pahang
Terengganu Zoo - Kemaman, Terengganu


=== Myanmar ===
Naypyidaw Zoological Gardens
Yadanabon Zoological Gardens - Mandalay
Yangon Zoo


=== Nepal ===
Banbatika Zoo
Central Zoo, Jawalakhel
Crocodile breeding center, Chitwan
Pokhara Zoological park


=== Pakistan ===
List of zoos in Pakistan


=== Palestinian territories ===
Gaza Zoo - Gaza
Qalqilya Zoo - West Bank


=== Philippines ===
Albay Park and Wildlife - Legazpi, Albay
Animal Island (zoo) - Binakayan, Kawit, Cavite
Animal Wonderland - Star City, Pasay
Ark Avilon Zoo - Frontera Verde, Ortigas Avenue, Pasig
Ave Maria Sanctuary and Park - Carcar, Cebu
Avilon Zoo - Rodriguez, Rizal
Baluarte Zoo - Vigan, Ilocos Sur
Birds International - Quezon City
Botolan Wildlife Farm - San Juan, Botolan, Zambales
Calauit Safari Park - Calauit Island, Palawan
Cavite City Zoological and Botanical Park - Sampaguita Road, Seabreeze Subdivision, Santa Cruz, Cavite City, Cavite
Cebu City Zoo and Conservation Zoo - Calunasan, Cebu City, Cebu
Corregidor Aviary and Theme Park - Corregidor Island, Cavite
Crocolandia Foundation - Biasong, Talisay, Cebu
D'Family Park Mini-Zoo - Talamban, Cebu City, Cebu
Davao Crocodile Park - Diversion Highway, Ma-a, Davao City
Eden Nature Park and Resort - Toril, Davao City
Father Tropa's Spaceship 2000 Zoo - Zamboanguita, Negros Oriental
Laguna Wildlife Park and Rescue Center - La Vista Pansol Complex, Pansol, Calamba, Laguna
Lombija Wildlife Park and Heritage Resort - Napandong, Nueva Valencia, Guimaras
Lungsod Kalikasan - Quezon City
Maasin Zoo - Maasin, Southern Leyte
Malabon Zoo and Aquarium - Governor Pascual Street, Potrero, Malabon
Malagos Garden Resort
Manila Orchidarium and Butterfly Pavilion - Rizal Park, Manila
Manila Zoological and Botanical Garden - M. Adriatico Street, Malate, Manila
Mari-it Wildlife Conservation Park - Lambunao, Iloilo
Maze Park and Resort Mini-Zoo - Mimbalot Buru-un, Iligan, Lanao del Norte
Negros Forests & Ecological Foundation - South Capitol Road, Bacolod, Negros Occidental
Ninoy Aquino Parks & Wildlife Center - Diliman, Quezon City
Palawan Butterfly Garden - Santa Monica, Puerto Princesa, Palawan
Palawan Wildlife Rescue and Conservation Center - Irawan, Puerto Princesa, Palawan
Paradise Reptile Zoo - Puerto Galera, Oriental Mindoro
ParadiZoo - Mendez, Cavite
Pasig Rainforest Park
Philippine Eagle Center - Malagos, Davao City
Philippine Tarsier and Wildlife Sanctuary - Corella, Bohol
RACSO'S Woodland Mini-Hotel and Wildlife Resort - Rizal-Tuguisan, Guimbal, Iloilo
Residence Inn Mini-Zoo - Barrio Neogan, Tagaytay, Cavite
Sagbayan Peak Tarsier Sanctuary and Butterfly Dome - Sagbayan, Bohol
San Fernando Mini-Zoo and Butterfly Sanctuary - San Fernando, La Union
Silangang Nayon Mini-Zoo - Pagbilao, Quezon
Silliman University Center for Tropical Conservation Studies (also known as the A.Y. Reyes Zoological and Botanical Garden) - Ipil Street, Daro, Dumaguete
Silliman University Marine Laboratory - Bantayan, Dumaguete
WIN Rescue Center - Subic Bay Freeport Zone, Zambales
Zoo Paradise of the World - Zamboanguita, Negros Oriental
Zoobic Safari - Subic, Zambales
Zoocobia Fun Zoo - Clark Freeport Zone, Angeles, Pampanga


=== Qatar ===
Doha Zoo - Doha


=== Singapore ===
Jurong Bird Park
Jurong Reptile Park (closed 2006)
Night Safari - Singapore
River Safari
Singapore Crocodile Farm (closed 2012)
Singapore Zoo (also contains Singapore Breeding Centre)


=== Sri Lanka ===
Ahungalla Animal Park
Battaramulla mini zoo
Dehiwala Zoo
Hambantota Safari Zoo
National Zoological Gardens of Sri Lanka
Pinnawala Elephant Orphanage
Pinnawala Elephant Safari
Pinnawela Open Zoo
Ridiyagama Safari Park
Wagolla Zoo


=== Taiwan ===
1-Lan Wild Animal Rescue Centre
Far East Animal Farm
Feng-Hung-Ku Bird Park
Fonghuanggu Bird and Ecology Park
Green World Ecological Farm
Hsinchu City Zoo
Kaohsiung Zoo
Leefoo Zoo
National Museum of Marine Biology/Aquarium
Ocean World - Yehliu Wanli
Pintung Rescue Centre
Shoushan Zoo
Sika Deer Ecological Park
Taipei Zoo - Taipei
Wanpi World Safari Zoo


=== Thailand ===
Bueng Chawak
Chaiyaphum Star Tiger Zoo
Chiang Mai Night Safari
Chiang Mai Zoo
Crocodiles Farm and Elephant Theme Show Sampran - Nakorn Pathom
Dusit Zoo (closed 2018)
Elephant Nature Park - Chiang Mai Province
Khao Kheow Open Zoo
Khao Prathap Chang Wildlife Breeding Center - Ratchaburi
Khao Suan Kwang Zoo - Khon Kaen
Lopburi Zoo
Nakhon Ratchasima Zoo
Nong Nooch Tropical Botanical Garden
Pata Zoo - Bangkok
Phuket bird park - Phuket
Phuket Zoo - Phuket
Safari Park Kanchanaburi - Kanchanaburi
Safari World
Samphran Elephant Ground & Zoo
Samutprakarn Crocodile Farm and Zoo
Songkhla Zoo
Sriracha Tiger Zoo - Chonburi
The Million Years Park and Pattaya Crocodiles Farm


=== Turkey ===
Ankara Zoo - Ankara
Atatürk Forest Farm and Zoo
Darica Zoo - Istanbul
Eskişehir Zoo
Gaziantep Zoo - Gaziantep
Konya Tropical Butterfly Garden
Natural Life Park of Sasalı - İzmir
Polonezköy Animal Park - Polonezköy
Şile Zoo - Şile
Soğanlı Zoo - Bursa
Tarsus Zoo


=== Turkmenistan ===
Ashgabat Zoo - Ashgabat


=== United Arab Emirates ===
Al Ain Zoo - Al Ain
Al Hefaiyah Conservation Centre
Arabian Wildlife Centre - Sharjah
Breeding Centre for Endangered Wildlife, Sharjah
Dubai Dolphinarium
Dubai Safari Park - Dubai
Dubai Zoo
Emirates Park Zoo - Abu Dhabi
RAK Zoo - Ras Al Khaimah


=== Uzbekistan ===
Tashkent Zoo - Tashkent
Termez Zoo - Termez


=== Vietnam ===
Ha Noi zoo - Ha Noi
Saigon Zoo and Botanical Gardens - Ho Chi Minh City


=== Yemen ===
Sana'a Zoo
Ta'izz Zoo


== Australasia/Oceania ==


=== Australia ===
List of zoos in Australia


=== Fiji ===
Kula Eco Park - Sigatoka


=== Guam ===
Cushing Zoo - Tumon


=== New Caledonia ===
Parc Forestier de Nouméa - Nouméa


=== New Zealand ===
Auckland Zoo - Auckland
Brooklands Zoo - New Plymouth
Caroline Bay Aviary - Timaru
Franklin Zoo - Tuakau
Hamilton Zoo - Hamilton
Kamo Wildlife Sanctuary - Whangarei
Kiwi Birdlife Park - Queenstown
Living Art Wildlife Park - Tauranga
Natureland Zoo - Nelson
Orana Wildlife Park - Christchurch
Otago Museum Butterfly House - Dunedin
Ōtorohanga Kiwi House, Otorohanga
Wellington Zoo - Wellington
Willowbank Wildlife Reserve - Christchurch


=== Papua New Guinea ===
The Rainforest Habitat - Lae


== Europe ==


=== Albania ===
Tirana Zoo - Tirana


=== Austria ===
Alpenzoo Innsbruck - Innsbruck
Haus des Meeres - Vienna
Salzburg Zoo (Tiergarten Hellbrunn) - Salzburg
Schloss Herberstein Zoo and Nature Park - Schloss Herberstein, Styria
Schmiding Zoo - Krenglbach near Wels
Tiergarten Schönbrunn - Vienna
Tiergarten Walding - Walding, Upper Austria


=== Belarus ===
Grodno Zoo - Grodno
Minsk Zoo - Minsk


=== Belgium ===
Antwerp Zoo - Antwerp
Bellewaerde - Ypres
Le Monde Sauvage - Aywaille
Pairi Daiza - Brugelette, Hainaut
Pakawi Park (Previously Olmen Zoo) - Olmen, Mol
Parc animalier de Bouillon - Bouillon
Planckendael Zoo - Muizen, Mechelen


=== Bosnia and Herzegovina ===
Pionirska dolina - Sarajevo
Trapisti - Banja Luka
Zoo vrt Bingo - Tuzla


=== Bulgaria ===
Lovech Zoo - Lovech
Pleven Zoo - Pleven
Plovdiv Zoo - Plovdiv
Sofia Zoo - Sofia
Stara Zagora Zoo - Stara Zagora
Varna Zoo - Varna


=== Croatia ===
Bizik family Zoo - Našice
Milec family Zoo - Ruščica
Osijek Zoo - Osijek
Split Zoo - Split
Zagreb Zoo - Zagreb


=== Cyprus ===
Larnaca Zoo
Limassol Zoo
Mazotos Camel Park
Nicosia Zoo
Paphos Zoo (Animal & Bird Park)


=== Czech Republic ===

Brno Zoo – Brno
Chleby Zoo – Chleby
Crocodile Zoo Protivín – Protivín
Děčín Zoo – Děčín
Dvorec Zoo – Borovany
Hodonín Zoo – Hodonín
Jihlava Zoo – Jihlava
Liberec Zoo – Liberec
Ohrada Zoo – Hluboká nad Vltavou
Olomouc Zoo – Olomouc
Ostrava Zoo – Ostrava
Plzeň Zoo – Plzeň
Prague Zoo – Prague
Safari Park Dvůr Králové – Dvůr Králové nad Labem
Tábor Zoo – Tábor
Ústí nad Labem Zoo – Ústí nad Labem
Zájezd Zoo – Zájezd
Zlín-Lešná Zoo – Zlín
Zoo Na Hrádečku – Horní Pěna
Zoopark Chomutov – Chomutov
Zoopark Vyškov – Vyškov


=== Denmark ===
Aalborg Zoo - Aalborg
Copenhagen Zoo - Copenhagen
Crocodile Zoo - Gundslevmagle, Falster
Ebeltoft Zoo - Ebeltoft
Givskud Zoo - Givskud
Jesperhus - Mors (island)
Odense Zoo - Odense
Randers Tropical Zoo - Randers
Ree Park - Ebeltoft Safari - Ebeltoft
Skandinavisk Dyrepark - Kolind, Djursland


=== Estonia ===
Elistvere Animal Park - Elistvere, Jõgeva County
Tallinn Zoo - Tallinn (1939)


=== Finland ===
Ähtäri Zoo
Escurial Zoo and Flower Park
Kitee Zoo
Korkeasaari Zoo - an island zoo outside Helsinki (1889)
Kuopio Zoo
Orimattilan kotieläinpuisto - Orimattila
PikkuKili - Lieksa
Ranua Zoo - Ranua
Särkänniemi Children's Zoo - Tampere
Tropicario - Helsinki
Zoolandia - near Turku


=== France ===
Citadel of Besançon - Besançon
Cleres Zoological Park - Clères
Haute Touche Zoological Park - Obterre
Jardin Zoologique d'Acclimatation du Bois de Boulogne (zoo section closed in 1912) - Paris
Jardin Zoologique de la Tête d'or - Parc de la Tête d'or, Lyon
Jardin Zoologique Tropical - La Londe-les-Maures
La Bourbansais Zoo - Ille-et-Vilaine
La Palmyre Zoo - Les Mathes
La Vallée des Singes - Romagne
Ménagerie du Jardin des Plantes - Paris
Parc Animalier de Sainte-Croix - Rhodes
Parc des Félins - Nesles
Parc des Oiseaux - Villars-les-Dombes
Parc Phœnix - Nice
Parc Zoologique de Lunaret - Montpellier
Parc Zoologique et Botanique de Mulhouse - Mulhouse
Paris Zoological Park, also known as Zoo de Vincennes - Paris
Planete Sauvage (safari park) - Port-Saint-Père
Réserve Africaine de Sigean - Sigean
Réserve Africaine & Parc Zoologique et Botanique de Thoiry - Thoiry
Safari de Peaugres - Peaugres
Zoo and Botanical Garden of Branféré - Le Guerno
Zoo d'Amnéville - Amnéville
Zoo de Cerza - Hermival-les-Vaux
Zoo de Doué - Doué-la-Fontaine
Zoo de la Flèche - La Flèche
ZooParc de Beauval - Saint-Aignan-sur-Cher


=== Germany ===


=== Gibraltar ===
Alameda Wildlife Conservation Park


=== Greece ===
Attica Zoological Park - Athens
Zoological Park of St. Paul - Thessaloniki


=== Hungary ===
Bear Farm - Veresegyház
Budakeszi Wildlife Park - Budakeszi
Budapest Zoo & Botanical Garden - Budapest
Debrecen Zoo and Amusement Park
Gyöngyös Zoo
Jászberény Zoo & Botanical Garden
Kecskemét Wild Garden
Kittenberger Kálmán Zoo & Botanical Garden - Veszprém
Miskolc Zoo
Pécs Zoo
Sóstó Zoo - Nyíregyháza
Szeged Wildlife Park
Tisza-lake Ökocentrum - Poroszló
Tropicarium - Budapest
Xantus János Zoo - Győr


=== Ireland ===
Dublin Zoo - Phoenix Park, Dublin
Fota Wildlife Park - County Cork
National Reptile Zoo - County Kilkenny
Tayto Park - County Meath


=== Italy ===
1° Parco Zoo della Fauna Europea - Poppi, Arezzo
Bioparco di Roma - Rome
Bioparco di Sicilia - Carini, Palermo
Bioparco Faunistico d'Abruzzo - Castel di Sangro, L'Aquila
Centro Faunistico Parco Gallorose - Cecina, Leghorn
Città della Domenica - Perugia
Faunistic Park Le Cornelle - Valrembo, Bergamo
Giardino Zoologico di Pistoia - Pistoia
L'Oasi degli Animali - San Sebastiano Po, Turin
Oasi di Sant'Alessio con Vialone - Sant'Alessio con Vialone, Pavia
Parc Animalier d'Introd - Introd, Aosta
Parco degli Angeli - Giba, Carbonia-Iglesias
Parco dei Pappagalli - Latisana, Udine
Parco della Villa Pallavicino - Stresa, Verbano-Cusio-Ossola
Parco del Sole - Collazzone, Perugia
Parco Faunistico Al Bosco - Grezzana, Verona
Parco Faunistico Cappeller - Cartigliano, Vicenza
Parco Faunistico La Torbiera - Agrate Conturbia, Novara
Parco Faunistico Valcorba - Pozzonovo, Padua
Parco Natura Viva - Bussolengo, Verona
Parco Ornitologico Villa d'Orleans - Palermo
Parco Safari delle Langhe - Murazzano, Cuneo
Parco Zoo Falconara - Falconara Marittima, Ancona
Parco Zoo La Rupe - Civitella Casanova, Pescara
Parco Zoo Punta Verde - Lignano Sabbiadoro, Udine
Safari Park d'Abruzzo - Rocca San Giovanni, Chieti
Safari Park Pombia - Pombia, Novara
Safari Ravenna - Ravenna
Zoo Di Napoli - Naples
Zoom Torino - Cumiana, Turin
Zoosafari Fasanolandia - Fasano, Brindisi


=== Latvia ===
Animal Park "Zaķīši" - Amata parish
Latgales Zoo - Daugavpils
Minizoo "Dobuļi" - Iecava Municipality
Minizoo "Salmiņi" - Sigulda Municipality
Riga Zoo


=== Lithuania ===
Lithuanian Zoo - Kaunas
Palanga zoo - Insektariumas


=== Moldova ===
Chişinău Zoo, Chişinău


=== Monaco ===
Zoological Garden of Monaco (Jardin Animalier)


=== Netherlands ===
Apenheul - Apeldoorn (mainly apes and monkeys, most of them not separated from the public)
Artis - Amsterdam
BestZoo - Best
Burgers' Zoo - Arnhem
Castle Arcen - Arcen
Dierenpark & reptielenhuis de Oliemeulen - Tilburg
DierenPark Amersfoort - Amersfoort
Dierenpark Emmen - Emmen (closed, replaced by Wildlands)
Dierenpark Tilburg - Tilburg (closed)
Dierenpark Wassenaar - Wassenaar (closed)
Dierenpark Wissel - Epe
Dierenrijk - Mierlo
Diergaarde Blijdorp, Rotterdam
Dolfinarium Harderwijk - Harderwijk
GaiaPark Kerkrade Zoo - Kerkrade
Ouwehands Dierenpark - Rhenen
Papegaaienpark NOP - Oerle
ReptielenZOO SERPO - Delft
Safaripark Beekse Bergen - Hilvarenbeek
Taman Indonesia - Kallenkote
Uilen- en Dierenpark De Paay - Beesd
Vogelpark Avifauna - Alphen aan den Rijn
Wildlands Adventure Zoo Emmen - Emmen
Zoo Labyrinth Boekelo - Boekelo
Zoo Park Overloon - Overloon


=== North Macedonia ===
Bitola Zoo - Bitola
Skopje Zoo - Skopje
Zoo Park Brioni - Štip


=== Norway ===
Den lille dyrehage - Sundebru
Haugaland zoo - Haugesund
Kristiansand Zoo and Amusement Park - Kristiansand
Namsskogan Familiepark
Oslo reptilpark - Oslo
Polar Park - Bardu
Vassfaret Bear Park - Flå


=== Poland ===
Akcent Zoo Białystok - Białystok
Fokarium na Helu - Hel
Kraków Zoo - Kraków
Ogród Zoologiczny w Łodzi - Łódź
Ogród Zoologiczny w Płocku - Płock
Miejski Ogród Zoologiczny Wybrzeża w Gdańsku-Oliwie - Gdańsk
New Zoo in Poznań
Ogród Fauny Polskiej- zoo w Bydgoszczy - Bydgoszcz
Ogród Ornitologiczny w Łebie- Bird Park in Łeba - Łeba
Ogród Zoologiczny Canpol w Sieroczynie k. Człuchowa - Człuchów
Ogród Zoologiczny Dolina Charlotty w Strzelinku k. Słupska - Słupsk
Old Zoo in Poznań
Opole Zoo - Opole
Park Dzikich Zwierząt (Wild Animal Park) Kadzidłowo - Kadzidłowo
Silesian Zoological Garden - Chorzów
Warsaw Zoo - Warsaw
Wrocław Zoo - Wrocław (In terms of number of animal species is 3rd zoo in the world)
Zamość Zoo - Zamość
Ogród Zoobotaniczny w Toruniu - Toruń
ZOO FARMA w Łącznej - Łączna- Mieroszów
Zoo Safari Borysew - Borysew- Poddębice
Zoo Safari Świerkocin - Świerkocin
Zoo w Braniewie - Braniewo
Zoo w Nowym Tomyślu - Nowy Tomyśl


=== Portugal ===
Badoca Safari Park - Vila Nova de Santo André
Lisbon Zoo - Lisbon
Parque Biológico de Gaia - Vila Nova de Gaia
Parque Zoológico de Lagos - Lagos
Zoo da Maia - Maia
Zoo de Lourosa - Lourosa
Zoo Santo Inácio - Zoo Santo Inácio - VNGaia
Zoomarine - Albufeira, Algarve


=== Romania ===
Baia Mare Zoological Garden - Baia Mare
Brăila Zoological Garden - Brăila
Brașov Zoological Garden - Brașov Cartierul Noua
Bucov Zoological Garden - Bucov near Ploiești
Buhuși Zoological Garden - Buhuși near Bacău
Călărași Zoological Garden - Călărași
Caracal Zoological Garden - Caracal
Craiova Zoological Garden - Craiova
Focșani Zoological Garden - Focșani
Galați Zoological Garden - Galați
Onești Zoological Garden - Onești
Oradea Zoological Garden - Oradea
Piatra Neamț Zoological Garden - Piatra Neamț
Pitești Zoological Garden - Pitești
Râmnicu Vâlcea Zoological Garden - Râmnicu Vâlcea
Slatina Zoological Garden - Slatina
Târgoviște Zoological Garden - Târgoviște
Tecuci Zoological Garden - Tecuci
Timișoara Zoological Garden - Timișoara
Zărnești Zoological Garden - Zărnești near Brașov
Zoo Băneasa - Bucharest
Zoo Bârlad - Bârlad
Zoo Hunedoara - Hunedoara
Zoo Reșița - Reșița
Zoo Sibiu - Sibiu
Zoo Târgu Mureș - Târgu Mureș


=== Russia ===
Abakan "Wildlife Cente" - Abakan
Cheboksary Zoo - Cheboksary
Chelyabinsk Zoo - Chelyabinsk
Chita Zoo - Chita
Ekaterinburg Zoo - Ekaterinburg
Ivanovo Zoo - Ivanovo
Izhevsk Zoo - Izhevsk
Kaliningrad Zoo - Kaliningrad
Kazan Zoo - Kazan
Khabarovsk Zoo - Khabarovsk
Krasnoyarsk park of Flora and Fauna "Roev Ruchei" - Krasnoyarsk
Leningrad Zoo - Saint Petersburg
Lipetsk Zoo - Lipetsk
Moscow Zoo - Moscow
Novosibirsk Zoo - Novosibirsk
Omsk Zoo - Bolsherech'e, Omsk
Penza Zoo - Penza
Perm Zoo - Perm
Rostov-on-Don Zoo - Rostov-on-Don
Sakhalin Zoological and Botanic Park - Yuzhno-Sakhalinsk
Samara Zoo - Samara
Tula Exotarium - Tula
Yakutsk Zoo - Yakutsk


=== Serbia ===
Belgrade Zoo - Belgrade (Beogradski zoo vrt dobre nade - Belgrade Good Hope Zoological Garden)
Bor Zoo - Bor
Jagodina Zoo - Jagodina
Palić Zoo - Palić
Zoo Miki - Kolut
Zoo Park Koki - Inđija


=== Slovakia ===
Bojnice Zoo - Bojnice
Bratislava Zoo - Bratislava
Košice Zoo - Košice
Spišská Nová Ves Zoo - Spišská Nová Ves
ZOO Stropkov - Stropkov


=== Slovenia ===
Ljubljana Zoo - Ljubljana


=== Spain ===
Avifauna (núcleo zoológico) Zoo - Lugo
Barcelona Zoo - Barcelona
Cabarceno Natural Park - Cantabria
Las Águilas Jungle Park - Tenerife
Loro Parque - Tenerife
Maroparque - La Palma
Monkey Park (Tenerife) - Tenerife
Mundomar - Benidorm
Parque de la Naturaleza de Cabárceno - Obregón
Parque Zoológico de Guadalajara - Guadalajara
Parque Zoológico y Jardín Botánico Alberto Durán - Jerez de la Frontera
Rancho Texas Park - Lanzarote
Terra Natura - Benidorm
Terra Natura - Murcia
Valencia Bioparc - Valencia
Zoo Aquarium de Madrid - Madrid
Zoo de Fuengirola - Málaga
Zoo de Santillana - Santillana del Mar
Zoo de Sevilla - Seville


=== Sweden ===
Borås Djurpark - Borås
Frösö Zoo - Frösön
Furuviksparken - Gävle
Grönåsen Älg- och Lantdjurspark - Kosta
Järvzoo - Järvsö
Junsele Djurpark - Junsele
Kolmården Wildlife Park - Bråviken bay
Lycksele Zoo - Lycksele (only containing Nordic species)
Nordens Ark - Bohuslän
Öland Zoo and Amusement Park - Färjestaden, Öland
Orsa Grönklitt - Orsa
Parken Zoo - Eskilstuna
Skånes Djurpark - Höör (only containing Nordic species)
Skansen with Aquarium - Stockholm
Slottsskogens djurpark - Gothenburg
Ystad Djurpark - Ystad


=== Switzerland ===
Knies Kinderzoo - Rapperswil
Le Bois du Petit Chateau - La Chaux-de-Fonds
Tierpark Dählhölzli - Bern
Tierpark Goldau - Goldau
Tierpark Lange Erlen - Basel
Wildpark Bruderhaus - Winterthur
Wildpark Langenberg - Langnau am Albis
Wildpark Peter und Paul - St. Gallen
Zoo Basel - Basel
Zoo La Garenne - Le Vaud
Zürich Zoologischer Garten - Zürich


=== Ukraine ===
Askania-Nova
Berdyansk Zoo "Safary"
Cherkasy Zoo
Denisovsky petting mini-zoo
Dnipro Zoo
Dokuchaievsk Zoo
Donetsk mini-zoo
Eupatoria Zoo
Golden ostrich - Zoo in Luhansk Oblast.
Home Zoo Timothy G. Omelyanyuk
Kamianets-Podilskyi Zoo "Menzum"
Kharkiv Zoo
Kherson Zoo
Kyiv Zoo
Lanivtsi Zoo
Luhansk Zoo
Lutsk Zoo
Mankivka mini-zoo
Medenychi Zoo "Limpopo"
Mena Zoo
Mykolaiv Zoo
Odesa Zoo
Rivne Zoo
Sevastopol Zoo
Simferopol Zoo
Straus - Yug - ostrich farm and zoo on the outskirts of Melitopol.
Taigan (Zoo) - Europe's largest nursery lions and other animals.
Tavriya - Zoo open-air in Zaporizhzhia Oblast.
Three Bears (Zoo) - Zoo at the recreation center in Hascheve.
Valley of ostriches - mini-zoo in Hascheve.
Vashura`s village - mini-zoo in Mariupol.
Vinnytsia Zoo
Yalta Zoo "Kazka"
Yaremche mini-zoo
Zaporizhzhia mini-zoo
Basan (Zoo) - Zoological and Botanic complex in Stara Basan.


=== United Kingdom and Crown dependencies ===

Africa Alive - East Anglia
Amazon World Zoo - Isle of Wight
Amazona - East Anglia
Amazonia World of Reptiles - East Anglia
Banham Zoo - East Anglia
Beale Park - Berkshire, England
Belfast Zoo - Belfast, Northern Ireland
Belle Vue Zoological Gardens - Manchester (closed 1977)
Birdland Park and Gardens - Bourton-on-the-Water, Gloucestershire
Birdworld - Surrey, England
Birmingham Nature Centre - Birmingham
Black Isle Wildlife Park - Black Isle, Scotland
Blackbrook Zoological Park - Staffordshire
Blackpool Zoo - Lancashire
Blair Drummond Safari Park - Stirlingshire, Scotland
Borth Animalarium - Mid Wales
Bristol Zoo Gardens - Bristol
Butterfly and Wildlife Park - Lincolnshire (closed 2012)
Camperdown Wildlife Centre (part of Camperdown Country Park) - Dundee
Chessington Zoo - London
Chester Zoo - Cheshire
Colchester Zoo - East Anglia
Cotswold Wildlife Park - Oxfordshire
Cricket St Thomas Wildlife Park - Somerset (closed 2009)
Curraghs Wildlife Park - Isle of Man
Dartmoor Zoological Park - Devon
Drayton Manor Zoo - part of Drayton Manor Theme Park, Staffordshire
Drusillas Zoo Park - East Sussex
Dudley Zoo - West Midlands
Durrell Wildlife Park - Jersey, Channel Islands
Edinburgh Zoo - Edinburgh, Scotland
Exmoor Zoo - Devon
Five Sisters Zoo - West Calder, Scotland
Flamingo Land Resort - North Yorkshire
Folly Farm Adventure Park and Zoo
Glasgow Zoo - Glasgow, Scotland (closed 2003)
Hamerton Zoo - East Anglia
Harewood Bird Gardens - at Harewood House, West Yorkshire
Highland Wildlife Park - Highland, Scotland
Howletts Wild Animal Park - Kent
International Centre for Birds of Prey - Gloucestershire
Isle of Wight Zoo - Isle of Wight
Knaresborough Zoo - North Yorkshire (closed 1985)
Knowsley Safari Park - Merseyside
Lakeland Wildlife Oasis - Cumbria
Linton Zoological Gardens - East Anglia
London Zoo - London
Longleat Safari Park - Wiltshire
Lotherton Hall Bird Garden - Aberford, Leeds, West Yorkshire
Manchester Zoological Gardens - Broughton, Salford (closed 1842)
Marwell Zoo - Hampshire
Monkey World - Dorset
New Forest Wildlife Park - Hampshire
Newquay Zoo - Cornwall
Noah's Ark Zoo Farm - Bristol
Northumberland Country Zoo - Morpeth
Paignton Zoo - Devon
Paradise Park, Cornwall - Cornwall
Paradise Wildlife Park - Hertfordshire
Pettitts Animal Adventure Park - East Anglia
Plantasia - Swansea, Wales
Port Lympne Wild Animal Park - Kent
SeaLife Great Yarmouth - East Anglia
Seaview Wildlife Encounter - Isle of Wight
Shaldon Wildlife Trust - Devon
South Lakes Safari Zoo - Cumbria
Southport Zoo - Merseyside (closed 2004)
Surrey Zoological Gardens - Kennington
The Hawk Conservancy - Hampshire
The Living Rainforest - Berkshire
Thrigby Hall - East Anglia
Tropical World at Roundhay Park - Leeds
Tropiquaria - West Somerset
Twycross Zoo - Leicestershire
Wales Ape and Monkey Sanctuary (formerly Cefn-yr-Erw Primate Sanctuary) - Wales
Welsh Mountain Zoo - North Wales
West Midland Safari Park - Worcestershire
Wetheriggs Zoo and Animal Sanctuary - County Durham (previously in Penrith)
Whipsnade Zoo - East Anglia
Wildwood Discovery Park - Kent
Windsor Safari Park - Windsor (closed 1992 and converted into Legoland Windsor)
Wingham Wildlife Park - Kent
Woburn Safari Park - Bedfordshire
Yorkshire Wildlife Park - Doncaster


== North America ==


=== Belize ===
Belize Zoo


=== Bermuda ===
Bermuda Aquarium, Museum and Zoo


=== Canada ===
List of zoos in Canada


=== Costa Rica ===
Africa Mia
Arenal Eco Zoo - El Castillo, Alajuela
Centro de Conservación de Santa Ana
Instituto Clodomiro Picado
Jaguar Rescue Center
Jardin de las Mariposas (Mariposario Spirogyra)
La Marina Animal Rescue Center
La Paz Waterfall Gardens
Las Pumas Cat Zoo
Monkey Park (Costa Rica)
Monteverde Theme Park - formerly Frog Pond of Monteverde
Mundo de los Insectos
NATUWA, Macaw Sanctuary - Aranjuez, Puntarenas
Osa Wildlife Sanctuary (Fundación Santuario Silvestre de Osa)
Parque Viborana
Parque Zoológico Nacional Simón Bolívar
Reptilandia
Rescate Wildlife Rescue Center - La Garita, Alajuela
Selvatura Park, also known as Monteverde Nature Center
SnakeTour Serpentarium
The Ara Project - Alajuela
Tropical Frog Garden
World of Snakes


=== Guatemala ===
Auto Safari Chapin
La Aurora Zoo
Petencito (Centro de Educación Ambiental y Vida Silvestre)
Zoológico Parque de diversiones Mundo Petapa


=== Mexico ===
Africam Safari - Puebla
Bioparque Estrella - Montemorelos, Nuevo Leon
Chapultepec Zoo - Mexico City
El Nido - Ixtapaluca
Guadalajara Zoo - Guadalajara, Jalisco
Parque de Aragón Zoo - Mexico City
Parque Loro Puebla
Zoo León - León, Guanajuato
Zoofari - Cuernavaca, Morelos
Zoológico Benito Juárez - Morelia, Michoacán
Zoológico Los Coyotes - Mexico City
Zoológico Zacango - Toluca, México State
ZOOMAT - Tuxtla Gutiérrez, Chiapas


=== Panama ===
Parque Municipal Summit - Panama City


=== Puerto Rico ===
Dr. Juan A. Rivero Zoo - Mayagüez


=== United States ===
List of zoos in the United States


== South America ==


=== Argentina ===
Bubalcó - General Roca, Río Negro
Buenos Aires Zoo - Buenos Aires
Estación de Cría de Animales Salvajes - La Plata, Buenos Aires Province
Mar del Plata Aquarium - Mar del Plata, Buenos Aires Province
Mendoza Zoological Park - Mendoza, Mendoza Province
Mundo Marino - San Clemente del Tuyú, Buenos Aires Province
Parque Independencia/Bahía Blanca Zoo - Bahía Blanca, Buenos Aires Province
Rawson Zoo - Rawson, Chubut Province
Temaikèn - Belén de Escobar, Buenos Aires Province
Zoo Batán - Mar del Plata, Buenos Aires Province
Zoo Córdoba - Córdoba, Córdoba Province
Zoo Corrientes - Corrientes, Corrientes Province
Zoo de América - Rivadavia, Buenos Aires Province
Zoo de Varela - Florencio Varela, Buenos Aires Province
Zoo La Plata - La Plata, Buenos Aires Province
Zoo Luján - Luján, Buenos Aires Province
Zoo Paraiso - Mar del Plata, Buenos Aires Province
Zoo Yku Huasi - Malvinas Argentinas, Buenos Aires Province


=== Brazil ===


==== Acre ====
Zoológico do Parque Chico Mendes - Rio Branco


==== Amazonas ====
Parque Zoológico Municipal - Manaus
Zoológico do Centro de Instrução de Guerra na Selva - Manaus


==== Bahia ====
Parque Zoobotânico Getúlio Vargas - Salvador
Parque Zoobotânico Rolf - Mata de São João


==== Ceará ====
Parque Zoológico Sargento Prata - Fortaleza


==== Distrito Federal ====
Jardim Zoológico de Brasília - Brasília


==== Goiás ====
Parque Zoológico de Goiânia - Goiânia


==== Mato Grosso ====
Parque Zoológico de Rondonópolis - Rondonópolis
Zoológico da Universidade Federal de Mato Grosso - Cuiabá
Zoológico Municipal de Alta Floresta - Alta Floresta


==== Minas Gerais ====
Fundação Zoo-Botânica de Belo Horizonte - Belo Horizonte
Jardim Zoológico Lauro Palhares - Pará de Minas
Parque Zoobotânico de Pouso Alegre - Pouso Alegre
Parque Zoobotânico Doutor Mário Frota - Varginha
Zoológico Municipal Amaro Sátiro de Araújo - Montes Claros
Zoológico Municipal de Sete Lagoas - Sete Lagoas
Zoológico Municipal de Três Pontas - Três Pontas
Zoológico Municipal Parque do Sabiá - Uberlândia
Zoológico Municipal Parque dos Jacarandás - Uberaba


==== Pará ====
Parque Zoobotânico de Carajás - Parauapebas
Parque Zoobotânico do Museu Paraense Emílio Goeldi - Belém


==== Paraná ====
Parque das Aves - Foz do Iguaçu
Parque Ecológico Municipal Danilo Galafassi - Cascavel
Zoológico Bosque Guarani - Foz do Iguaçu
Zoológico de Matelândia - Matelândia
Zoológico Municipal de Curitiba - Curitiba


==== Paraíba ====
Parque Zoológico Arruda Câmara - João Pessoa


==== Pernambuco ====
Parque Zoológico Municipal Antônio Melo Verçosa - Vitória de Santo Antão
Zoo Botanical Park Dois Irmaos - Recife


==== Piauí ====
Parque Zoobotânico - Teresina


==== Rio de Janeiro ====
Jardim Zoológico de Niterói - Niterói
Rio de Janeiro Zoo - Rio de Janeiro
Zoológico Municipal de Volta Redonda - Volta Redonda


==== Rio Grande do Sul ====
Gramado Zoo - Gramado
Pampas Safari - Gravataí
Parque Zoológico - Sapucaia do Sul
Zoológico do Litoral - Osório
Zoológico Municipal de Cachoeira do Sul - Cachoeira do Sul
Zoológico Municipal de Canoas - Canoas


==== Rondônia ====
Zoológico de Vilhena - Vilhena


==== Roraima ====
Zoológico do Sétimo Batalhão de Infantaria de Selva - Boa Vista


==== Santa Catarina ====
Parque Cyro Gevaerd Santur - Balneário Camboriú
Parque Ecológico e Zoobotânico de Brusque - Brusque
Parque Zoobotânico de Joinville - Joinville
Zoológico Pomerode - Pomerode


==== São Paulo ====
Jardim Zoobotânico de Franca - Franca
Municipal Zoological Park Quinzinho de Barros - Sorocaba
Parque Ecológico "Dr. Antônio T. Viana" - São Carlos
Parque Ecológico Municipal "Cid Almeida Franco" - Americana
Parque Zoológico de Ilha Solteira - Ilha Solteira
Parque Zoológico Dr. Fábio de Sá Barreto - Ribeirão Preto
Parque Zoológico Eugênio Walter - Boituva
Parque Zoológico Municipal de Guarulhos (Guarulhos)
São Paulo Zoo - São Paulo
Zoológico de Jardinópolis - Jardinópolis
Zoológico Municipal de Araçatuba "Dr. Flávio Leite Ribeiro" - Araçatuba
Zoológico Municipal de Bauru - Bauru
Zoológico Municipal de Buri - Buri
Zoológico Municipal de Campinas - Campinas
Zoológico Municipal de Catanduva - Catanduva
Zoológico Municipal de Garça "Dr. Belírio Guimarães Brandão" - Garça
Zoológico Municipal de Leme - Leme
Zoológico Municipal de Limeira - Limeira
Zoológico Municipal de Lins - Lins
Zoológico Municipal de Mogi Guaçu - Mogi Guaçu
Zoológico Municipal de Mogi Mirim "Luiz Gonzaga Amoêdo Campos" - Mogi-Mirim
Zoológico Municipal de Pedreira - Pedreira
Zoológico Municipal de Piracicaba - Piracicaba
Zoológico Municipal de Santa Bárbara d'Oeste - Santa Bárbara d'Oeste
Zoológico Municipal de São Bernardo do Campo - São Bernardo do Campo
Zoológico Municipal de São José do Rio Preto - São José do Rio Preto
Zoológico Municipal de São Vicente - São Vicente
Zoológico Municipal de Taboão da Serra - Taboão da Serra
Zoológico Municipal Henrique Pedroni - Sumaré
Zoológico Municipal Nestor Bologna - Vargem Grande do Sul
Zoológico Vale dos Bichos - São José dos Campos
Zooparque Itatiba - Itatiba


==== Sergipe ====
Boa Luz Eco Parque - Laranjeiras
Parque Zoológico - Aracaju


=== Chile ===
Buin Zoo - Buin, Chile
Chilean National Zoo - Santiago, Chile
Concepción Zoo - Concepción, Chile
La Serena Zoo - La Serena, Chile
Parque safari de Rancagua - Rancagua, Chile
Quilpue Zoo - Quilpue, Chile


=== Colombia ===
Barranquilla Zoo - Barranquilla
Bioparque Los Ocarros - Villavicencio
Cali Zoo - Cali
Hacienda Nápoles - Medellín
Jaime Duque Park Zoo - Bogotá
Matecaña City Zoo - Pereira
Santa Fe Zoo - Medellín
Santa Marta Aquarium - Santa Marta
Santacruz Zoo - San Antonio del Tequendama


=== Ecuador ===
Bioparque Amaru - Cuenca
Guayabamba Zoo - Quito
Parque del Condor - Otavalo


=== French Guiana ===
French Guiana Zoo - Montsinéry


=== Guyana ===
Guyana Zoo


=== Paraguay ===
Botanical Garden and Zoo of Asunción - Asunción


=== Peru ===
Parque de las Leyendas, San Miguel, Lima
Parque Zoológico de Huachipa - Ate, Lima
Zoocriadero - Lima
Zoológico de Quistococha - Iquitos, Loreto


=== Suriname ===
Paramaribo Zoo - Paramaribo


=== Uruguay ===
Pan de Azúcar Nature Reserve - Cerro Pan de Azúcar
Parque Lecocq - Montevideo
Zoológico Municipal Villa Dolores - Montevideo


=== Venezuela ===
Bararida Zoo - Bararida
Parque Zoológico y Botánico Bararida - Parque Zoológico y Botánico Bararida


== Well-known people with private zoos ==
Jorge Hank Rhon
Michael Jackson - at Neverland Ranch
Uday Hussein


== References ==


=== Sources ===
"Zoos Worldwide: Aquariums, Animal Sanctuaries, and Wildlife Parks". zoos-worldwide.de. Zoos Worldwide. Archived from the original on 19 July 2011. Retrieved 2 July 2011.